{
  "structures": [
    {
      "structure": "dungeons_arise:bandit_village",
      "weight": 1
    },
    {
      "structure": "dungeons_arise:ceryneian_hind",
      "weight": 1
    },
    {
      "structure": "dungeons_arise:coliseum",
      "weight": 1
    },
    {
      "structure": "dungeons_arise:heavenly_rider",
      "weight": 1
    },
    {
      "structure": "dungeons_arise:heavenly_conqueror",
      "weight": 1
    },
    {
      "structure": "dungeons_arise:illager_campsite",
      "weight": 3
    },
    {
      "structure": "dungeons_arise:illager_corsair",
      "weight": 2
    },
    {
      "structure": "dungeons_arise:illager_fort",
      "weight": 1
    },
    {
      "structure": "dungeons_arise:illager_galley",
      "weight": 2
    },
    {
      "structure": "dungeons_arise:illager_windmill",
      "weight": 1
    },
    {
      "structure": "dungeons_arise:merchant_campsite",
      "weight": 3
    },
    {
      "structure": "dungeons_arise:mushroom_mines",
      "weight": 1
    },
    {
      "structure": "dungeons_arise:mushroom_village",
      "weight": 1
    },
    {
      "structure": "dungeons_arise:scorched_mines",
      "weight": 1
    },
    {
      "structure": "dungeons_arise:small_blimp",
      "weight": 3
    },
    {
      "structure": "dungeons_arise:typhon",
      "weight": 1
    },
    {
      "structure": "dungeons_arise:greenwood_pub",
      "weight": 2
    },
    {
      "structure": "dungeons_arise:aviary",
      "weight": 1
    },
    {
      "structure": "dungeons_arise:bandit_towers",
      "weight": 1
    },
    {
      "structure": "dungeons_arise:foundry",
      "weight": 1
    },
    {
      "structure": "dungeons_arise:heavenly_challenger",
      "weight": 1
    },
    {
      "structure": "dungeons_arise:thornborn_towers",
      "weight": 1
    },
    {
      "structure": "dungeons_arise:mining_system",
      "weight": 1
    },
    {
      "structure": "dungeons_arise:plague_asylum",
      "weight": 1
    },
    {
      "structure": "dungeons_arise:shiraz_palace",
      "weight": 1
    },
    {
      "structure": "dungeons_arise:mechanical_nest",
      "weight": 1
    }
  ],
  "placement": {
    "salt": 88371663,
    "spacing": 90,
    "separation": 75,
    "type": "minecraft:random_spread"
  }
}
