{
	"type": "apotheosis:attribute",
	"attribute": "attributeslib:draw_speed",
	"operation": "ADDITION",
	"values": {
		"common": {
			"min": 0.04,
			"steps": 2,
			"step": 0.01
		},
		"uncommon": {
			"min": 0.05,
			"steps": 2,
			"step": 0.01
		},
		"rare": {
			"min": 0.06,
			"steps": 3,
			"step": 0.015
		},
		"epic": {
			"min": 0.07,
			"steps": 3,
			"step": 0.025
		},
		"mythic": {
			"min": 0.08,
			"steps": 3,
			"step": 0.025
		},
		"ancient": {
			"min": 0.09,
			"steps": 3,
			"step": 0.025
		}
	},
	"types": [
		"bow",
		"crossbow",
		"trident"
	]
}