{
	"type": "apotheosis:attribute",
	"attribute": "attributeslib:arrow_damage",
	"operation": "ADDITION",
	"values": {
		"common": {
			"min": 0.03,
			"steps": 5,
			"step": 0.002
		},
		"uncommon": {
			"min": 0.04,
			"steps": 5,
			"step": 0.002
		},
		"rare": {
			"min": 0.06,
			"steps": 5,
			"step": 0.002
		},
		"epic": {
			"min": 0.08,
			"steps": 10,
			"step": 0.002
		},
		"mythic": {
			"min": 0.1,
			"steps": 15,
			"step": 0.002
		},
		"ancient": {
			"min": 0.12,
			"steps": 20,
			"step": 0.003
		}
	},
	"types": [
		"bow",
		"crossbow",
		"trident"
	]
}