{
	"weight": 5,
	"quality": 1.5,
	"min_rarity": "epic",
	"dimensions": [
		"the_end"
	],
	"unique": true,
	"bonuses": [
		{
			"type": "apotheosis:mob_effect",
			"gem_class": {
				"key": "melee_weapon",
				"types": [
					"sword",
					"trident",
					"heavy_weapon"
				]
			},
			"mob_effect": "hmag:ender_rage",
			"target": "attack_target",
			"values": {
				"epic": {
					"duration": 180,
					"amplifier": 0,
					"cooldown": 100
				},
				"mythic": {
					"duration": 220,
					"amplifier": 1,
					"cooldown": 80
				},
				"ancient": {
					"duration": 500,
					"amplifier": 1,
					"cooldown": 60
				}
			}
		},
		{
			"type": "apotheosis:mob_effect",
			"gem_class": {
				"key": "armor",
				"types": [
					"helmet",
					"chestplate",
					"leggings",
					"boots"
				]
			},
			"mob_effect": "ars_elemental:enderference",
			"target": "hurt_attacker",
			"values": {
				"epic": {
					"duration": 180,
					"amplifier": 0,
					"cooldown": 6000
				},
				"mythic": {
					"duration": 220,
					"amplifier": 1,
					"cooldown": 5000
				},
				"ancient": {
					"duration": 500,
					"amplifier": 1,
					"cooldown": 4000
				}
			}
		}
	]
}