{
	"weight": 5,
	"quality": 1.5,
	"dimensions": ["minecraft:the_end"],
	"unique": true,
	"min_rarity": "epic",
	"bonuses": [{
			"type": "apotheosis:multi_attribute",
			"desc": "bonus.apotheosis:multi_attr.desc.and",
			"gem_class": {
				"key": "light_weapon",
				"types": [
					"sword", "trident"
				]
			},
			"modifiers": [{
					"attribute": "attributeslib:prot_pierce",
					"operation": "ADDITION",
					"values": {
						"epic": 1,
						"mythic": 2,
						"ancient": 3
					}
				},
				{
					"attribute": "attributeslib:armor_pierce",
					"operation": "MULTIPLY_TOTAL",
					"values": {
						"epic": -0.03,
						"mythic": -0.05,
						"ancient": -0.07
					}
				}
			]
		},
		{
			"type": "apotheosis:multi_attribute",
			"desc": "bonus.apotheosis:multi_attr.desc.and",
			"gem_class": {
				"key": "heavy_weapon",
				"types": [
					"heavy_weapon"
				]
			},
			"modifiers": [{
					"attribute": "attributeslib:prot_shred",
					"operation": "ADDITION",
					"values": {
						"epic": 0.05,
						"mythic": 0.075,
						"ancient": 0.10
					}
				},
				{
					"attribute": "attributeslib:armor_shred",
					"operation": "MULTIPLY_TOTAL",
					"values": {
						"epic": -0.03,
						"mythic": -0.05,
						"ancient": -0.07
					}
				}
			]
		},
		{
			"type": "apotheosis:mageslayer",
			"values": {
				"epic": 0.03,
				"mythic": 0.045,
				"ancient": 0.07
			}
		},
		{
			"type": "apotheosis:mob_effect",
			"gem_class": {
				"key": "shield",
				"types": [
					"shield"
				]
			},
			"mob_effect": "minecraft:resistance",
			"target": "BLOCK_SELF",
			"values": {
				"epic": {
					"duration": 200,
					"amplifier": 0,
					"cooldown": 1000
				},
				"mythic": {
					"duration": 300,
					"amplifier": 0,
					"cooldown": 1000
				},
				"ancient": {
					"duration": 300,
					"amplifier": 1,
					"cooldown": 1350
				}
			}
		}
	]
}