{
	"type": "apotheosis:mob_effect",
	"mob_effect": "minecraft:levitation",
	"target": "ARROW_TARGET",
	"values": {
		"epic": {
			"duration": {
				"min": 20,
				"steps": 3,
				"step": 10
			},
			"amplifier": {
				"min": 0,
				"steps": 4,
				"step": 0.26
			},
			"cooldown": 350
		},
		"mythic": {
			"duration": {
				"min": 20,
				"steps": 4,
				"step": 10
			},
			"amplifier": {
				"min": 0,
				"steps": 8,
				"step": 0.26
			},
			"cooldown": 350
		},
		"ancient": {
			"duration": {
				"min": 40,
				"steps": 5,
				"step": 10
			},
			"amplifier": {
				"min": 0,
				"steps": 12,
				"step": 0.26
			},
			"cooldown": 350
		}
	},
	"types": [
		"bow",
		"crossbow",
		"trident"
	]
}