{
  "structures": [
    {
      "structure": "minecolonies:medieval_birch_colony",
      "weight": 1
    },
    {
      "structure": "minecolonies:medieval_oak_colony",
      "weight": 1
    },
    {
      "structure": "minecolonies:medieval_spruce_colony",
      "weight": 1
    },
    {
      "structure": "minecolonies:medieval_dark_oak_colony",
      "weight": 1
    },
    {
      "structure": "minecolonies:asian_colony",
      "weight": 1
    },
    {
      "structure": "minecolonies:caledonia_colony",
      "weight": 1
    },
    {
      "structure": "minecolonies:lostmesacity_colony",
      "weight": 1
    },
    {
      "structure": "minecolonies:desertoasis_colony",
      "weight": 1
    },
    {
      "structure": "minecolonies:shire_colony",
      "weight": 1
    },
    {
      "structure": "minecolonies:incan_colony",
      "weight": 1
    }
  ],
  "placement": {
    "salt": 1225566777,
    "spacing": 100,
    "separation": 50,
    "type": "minecraft:random_spread"
  }
}