{
	"variant": "brawlers",
	"weight": 10,
	"quality": 0,
	"dimensions": [
	],
	"bonuses": [{
			"type": "apotheosis:attribute",
			"gem_class": {
				"key": "light_weapon",
				"types": [
					"sword",
					"trident"
				]
			},
			"attribute": "minecraft:generic.attack_speed",
			"operation": "MULTIPLY_BASE",
			"values": {
				"common": 0.02,
				"uncommon": 0.03,
				"rare": 0.04,
				"epic": 0.05,
				"mythic": 0.07,
				"ancient": 0.1
			}
		},
		{
			"type": "apotheosis:attribute",
			"gem_class": {
				"key": "core_armor",
				"types": [
					"leggings",
					"chestplate"
				]
			},
			"attribute": "minecraft:generic.max_health",
			"operation": "ADDITION",
			"values": {
				"common": 0.2,
				"uncommon": 0.4,
				"rare": 0.8,
				"epic": 0.12,
				"mythic": 0.16,
				"ancient": 0.2
			}
		},
		{
			"type": "apotheosis:attribute",
			"gem_class": {
				"key": "heavy_weapon",
				"types": [
					"heavy_weapon"
				]
			},
			"attribute": "attributeslib:armor_pierce",
			"operation": "ADDITION",
			"values": {
				"common": 0.2,
				"uncommon": 0.5,
				"rare": 1,
				"epic": 1.4,
				"mythic": 1.8,
				"ancient": 2.8
			}
		},
		{
			"type": "apotheosis:attribute",
			"gem_class": {
				"key": "shield",
				"types": [
					"shield"
				]
			},
			"attribute": "minecraft:generic.max_health",
			"operation": "MULTIPLY_TOTAL",
			"values": {
				"common": 0.01,
				"uncommon": 0.02,
				"rare": 0.03,
				"epic": 0.04,
				"mythic": 0.05,
				"ancient": 0.06
			}
		}
	]
}