{
	"variant": "warlord",
	"weight": 10,
	"quality": 0,
	"dimensions": [
	],
	"bonuses": [{
			"type": "apotheosis:attribute",
			"gem_class": {
				"key": "light_ranged",
				"types": [
					"sword",
					"trident",
					"bow",
					"crossbow"
				]
			},
			"attribute": "attributeslib:crit_damage",
			"operation": "ADDITION",
			"values": {
				"common": 0.01,
				"uncommon": 0.02,
				"rare": 0.03,
				"epic": 0.04,
				"mythic": 0.05,
				"ancient": 0.06
			}
		},
		{
			"type": "apotheosis:attribute",
			"gem_class": {
				"key": "heavy_weapon",
				"types": [
					"heavy_weapon"
				]
			},
			"attribute": "attributeslib:crit_damage",
			"operation": "ADDITION",
			"values": {
				"common": 0.015,
				"uncommon": 0.03,
				"rare": 0.045,
				"epic": 0.06,
				"mythic": 0.07,
				"ancient": 0.08
			}
		},
		{
			"type": "apotheosis:attribute",
			"gem_class": {
				"key": "chestplate",
				"types": [
					"chestplate"
				]
			},
			"attribute": "minecraft:generic.max_health",
			"operation": "MULTIPLY_BASE",
			"values": {
				"common": 0.01,
				"uncommon": 0.02,
				"rare": 0.03,
				"epic": 0.04,
				"mythic": 0.05,
				"ancient": 0.06
			}
		},
		{
			"type": "apotheosis:attribute",
			"gem_class": {
				"key": "helmet",
				"types": [
					"helmet"
				]
			},
			"attribute": "minecraft:generic.attack_damage",
			"operation": "MULTIPLY_TOTAL",
			"values": {
				"common": 0.01,
				"uncommon": 0.02,
				"rare": 0.025,
				"epic": 0.03,
				"mythic": 0.035,
				"ancient": 0.04
			}
		}
	]
}