{
  "structures": [
    {
      "structure": "idas:pillager_fortress",
      "weight": 3
    },
    {
      "structure": "idas:labyrinth",
      "weight": 3
    },
    {
      "structure": "idas:bazaar",
      "weight": 3
    },
    {
      "structure": "idas:ancient_mines",
      "weight": 3
    },
    {
      "structure": "idas:tinkers_workshop",
      "weight": 3
    },
    {
      "structure": "idas:ruins_of_the_deep",
      "weight": 3
    },
    {
      "structure": "idas:tree_of_wisdom",
      "weight": 1
    },
    {
      "structure": "idas:iceandfire/dread_citadel",
      "weight": 3
    }
  ],
  "placement": {
    "salt": 169480678,
    "spacing": 70,
    "separation": 40,
    "type": "integrated_api:advanced_random_spread",
    "super_exclusion_zone": {
      "chunk_count": 2,
      "other_set": "#idas:rare_avoid"
    }
  }
}