{
  "conditions": [{
    "type": "apotheosis:module",
    "module": "village"
  }],
  "type": "apotheosis:basic_trade",
  "rare": true,
  "input_1": {
    "item": "minecraft:diamond_sword",
    "count": 1
  },
  "input_2": {
    "item": "minecraft:emerald",
    "count": 45
  },
  "output": {
    "item": "minecraft:diamond_sword",
    "count": 1,
    "nbt": {
        "Enchantments": [
            {
                "lvl": 3,
                "id": "apotheosis:capturing"
            }
        ],
        "display": {
            "Name": "{\"translate\":\"name.apotheosis.merch_sword\", \"italic\": false, \"color\": \"#ADD8E6\"}"
        },
        "Damage": 0
    }
  },
  "max_trades": 1,
  "xp": 500,
  "price_mult": 1.0
}