{
  "feature": {
    "type": "minecraft:random_patch",
    "config": {
      "tries": 512,
      "xz_spread":7,
      "y_spread": 2,
      "feature": {
        "feature": {
          "type": "minecraft:random_selector",
          "config": {
            "features": [
              {
                "chance": 0.05,
                "feature": {
                  "feature": {
                    "type": "minecraft:replace_single_block",
                    "config": {
                      "targets": [
                        {
                          "target": {
                            "predicate_type": "minecraft:tag_match",
                            "tag": "minecraft:base_stone_overworld"
                          },
                          "state": {
                            "Name": "spelunkery:rough_diamond_block"
                          }
                        }
                      ]
                    }
                  },
                  "placement": []
                }
              }
            ],
            "default": {
              "feature": {
                "type": "minecraft:replace_single_block",
                "config": {
                  "targets": [
                    {
                      "target": {
                        "predicate_type": "minecraft:tag_match",
                        "tag": "minecraft:stone_ore_replaceables"
                      },
                      "state": {
                        "Name": "minecraft:diamond_ore"
                      }
                    },
                    {
                      "target": {
                        "predicate_type": "minecraft:tag_match",
                        "tag": "minecraft:deepslate_ore_replaceables"
                      },
                      "state": {
                        "Name": "minecraft:deepslate_diamond_ore"
                      }
                    }
                  ]
                }
              },
              "placement": []
            }
          }
        },
        "placement": [
          {
            "type": "minecraft:count",
            "count": 5
          },
          {
            "type": "minecraft:random_offset",
            "xz_spread": {
              "type": "minecraft:uniform",
              "value": {
                "min_inclusive": -3,
                "max_inclusive": 3
              }
            },
            "y_spread": {
              "type": "minecraft:uniform",
              "value": {
                "min_inclusive": -2,
                "max_inclusive": 2
              }
            }
          },
          {
            "type": "minecraft:rarity_filter",
            "chance": 2
          }
        ]
      }
    }
  },
  "placement": [
    {
      "type": "minecraft:count",
      "count": 1
    },
    {
      "type": "minecraft:in_square"
    },
    {
      "type": "minecraft:rarity_filter",
      "chance": 750
    },
    {
      "type": "minecraft:height_range",
      "height": {
        "type": "minecraft:biased_to_bottom",
        "min_inclusive": {
          "above_bottom": 8
        },
        "max_inclusive": {
          "absolute": 120
        }
      }
    }
  ]
}
