{
  "feature": {
    "type": "minecraft:random_patch",
    "config": {
      "tries": 768,
      "xz_spread": 25,
      "y_spread": 1,
      "feature": {
        "feature": {
          "type": "minecraft:random_selector",
          "config": {
            "features": [
              {
                "chance": 0.3,
                "feature": {
                  "feature": "radlargeveins:large_silver_ore",
                  "placement":[]
                }
              }
            ],
            "default": {
              "feature": "radlargeveins:large_gold_ore",
              "placement": []
            }
          }
        },
        "placement": [
          {
            "type": "minecraft:count",
            "count": 10
          },
          {
            "type": "minecraft:random_offset",
            "xz_spread": {
              "type": "minecraft:uniform",
              "value": {
                "min_inclusive": -5,
                "max_inclusive": 5
              }
            },
            "y_spread": {
              "type": "minecraft:uniform",
              "value": {
                "min_inclusive": -1,
                "max_inclusive": 1
              }
            }
          },
          {
            "type": "minecraft:rarity_filter",
            "chance": 3
          }
        ]
      }
    }
  },
  "placement": [
    {
      "type": "minecraft:count",
      "count": 1
    },
    {
      "type": "minecraft:in_square"
    },
    {
      "type": "minecraft:rarity_filter",
      "chance": 650
    },
    {
      "type": "minecraft:height_range",
      "height": {
        "type": "minecraft:biased_to_bottom",
        "min_inclusive": {
          "above_bottom": 8
        },
        "max_inclusive": {
          "absolute": 120
        }
      }
    }
  ]
}
