[
    {
        "spawner": false,
        "structure": false,
        "hostile": true,
        "mincount": {
            "amount": 3,
            "hostile": true,
            "perchunk": true
        },
        "result": "deny"
    },
	{
        "mob": "minecraft:zombie",
        "when": "onjoin",
        "baby": true,
        "result": "deny"
    },
	{
		"mob": "hmag:ghost",
		"mincount": {
            "amount": 1,
            "perchunk": true
        },
		"result": "deny"
	},
	{
        "mob": "minecraft:giant",
        "seesky": true,
        "when": "finalize",
        "result": "allow",
        "healthmultiply": 2
    },
	{
    "hostile": true,
    "area": "spawn",
    "when": "onjoin",
    "result": "deny"
	},
    {
        "spawner": false,
        "structure": false,
        "passive": true,
        "mincount": {
            "amount": 1,
            "passive": true,
            "perchunk": true
        },
        "result": "deny"
    },
    {
        "mob": "landsoficaria:nether_pyromancer_revenant",
        "mincount": {
            "amount": 2,
            "hostile": true,
            "perplayer": true
        },
        "result": "deny"
    },
    {
        "spawner": false,
        "structure": false,
        "mob": "minecraft:phantom",
        "mincount": {
            "amount": 1,
            "hostile": true,
            "perplayer": true
        },
        "result": "deny"
    },
    {
        "spawner": false,
        "structure": false,
        "mob": "minecraft:vex",
        "mincount": {
            "amount": 1,
            "hostile": true,
            "perplayer": true
        },
        "result": "deny"
    },
    {
        "spawner": false,
        "mob": "cataclysm:endermaptera",
        "mincount": {
            "amount": 10,
            "hostile": true,
            "perplayer": true
        },
        "result": "deny"
    },
    {
        "spawner": false,
        "mob": "aether:cockatrice",
        "mincount": {
            "amount": 5,
            "hostile": true,
            "perplayer": true
        },
        "result": "deny"
    },
    {
        "spawner": false,
        "mob": "mowziesmobs:naga",
        "mincount": {
            "amount": 1,
            "hostile": true,
            "perplayer": true
        },
        "result": "deny"
    },
    {
      "spawner": false,
      "dimension": "landsoficaria:icaria",
      "hostile": true,
      "mincount": {
          "amount": 20,
          "hostile": true,
          "perplayer": true
       },
      "result": "deny"
    },
	{
        "mob": [
            "minecraft:sniffer",
            "minecraft:donkey"
        ],
        "when": "onjoin",
        "result": "deny"
    }
]