{
	"conditions": [{
		"type": "forge:mod_loaded",
		"modid": "ars_nouveau"
	}],
	"weight": 5,
	"quality": 1.5,
	"dimensions": [],
	"unique": true,
	"min_rarity": "rare",
	"bonuses": [
		{
		"type": "apotheosis:attribute",
		"gem_class": {
			"key": "helmet",
			"types": [
				"helmet"
			]
		},
		"attribute": "ars_nouveau:ars_nouveau.perk.mana_regen",
		"operation": "ADDITION",
		"values": {
			"rare": 1,
			"epic": 2,
			"mythic": 3,
			"ancient": 5,
			"apotheotic_additions:artifact": 6,
			"apotheotic_additions:heirloom": 8,
			"apotheotic_additions:esoteric": 10
			}
		},
		{
			"type": "apotheosis:attribute",
			"gem_class": {
				"key": "chestplate",
				"types": [
					"chestplate"
				]
			},
			"attribute": "ars_nouveau:ars_nouveau.perk.spell_damage",
			"operation": "MULTIPLY_TOTAL",
			"values": {
				"rare": 0.20,
				"epic": 0.30,
				"mythic": 0.40,
				"ancient": 0.50,
				"apotheotic_additions:artifact": 0.6,
				"apotheotic_additions:heirloom": 0.7,
				"apotheotic_additions:esoteric": 0.8
			}
		},
		{
			"type": "apotheosis:attribute",
			"gem_class": {
				"key": "lower_armor",
				"types": [
					"boots", "leggings"
				]
			},
			"attribute": "ars_nouveau:ars_nouveau.perk.max_mana",
			"operation": "MULTIPLY_TOTAL",
			"values": {
				"rare": 0.05,
				"epic": 0.1,
				"mythic": 0.15,
				"ancient": 0.2,
				"apotheotic_additions:artifact": 0.25,
				"apotheotic_additions:heirloom": 0.3,
				"apotheotic_additions:esoteric": 0.35
			}
		},
		{
			"type": "apotheosis:mob_effect",
			"gem_class": {
				"key": "ranged_weapon",
				"types": [
					"bow",
					"crossbow",
					"trident"
				]
			},
			"mob_effect": "ars_nouveau:shocked",
			"target": "arrow_target",
			"values": {
				"mythic": {
					"duration": 180,
					"amplifier": 0,
					"cooldown": 500
				},
				"ancient": {
					"duration": 240,
					"amplifier": 0,
					"cooldown": 400
				},
				"apotheotic_additions:artifact": {
					"duration": 320,
					"amplifier": 1,
					"cooldown": 300
				},
				"apotheotic_additions:heirloom": {
					"duration": 400,
					"amplifier": 1,
					"cooldown": 200
				},
				"apotheotic_additions:esoteric": {
					"duration": 500,
					"amplifier": 2,
					"cooldown": 200
				}
			}
		}
	]
}