{
  "feature": "minecraft:ore_infested",
  "placement": [
    {
      "type": "minecraft:count",
      "count": {
        "type": "minecraft:clamped_normal",
        "value": {
          "min_inclusive": 30,
          "max_inclusive": 256,
          "mean": 60,
          "deviation": 10
        }
      }
    },
    {
      "type": "minecraft:in_square"
    },
    {
      "type": "minecraft:height_range",
      "height": {
        "type": "minecraft:uniform",
        "min_inclusive": {
          "above_bottom": 6
        },
        "max_inclusive": {
          "below_top": 6
        }
      }
    }
  ]
}
