{
  "feature": {
    "type": "minecraft:ore",
    "config": {
      "size": 12,
      "discard_chance_on_air_exposure": 0,
      "targets": [
        {
          "target": {
            "predicate_type": "minecraft:tag_match",
            "tag": "minecraft:stone_ore_replaceables"
          },
          "state": {
            "Name": "embers:silver_ore"
          }
        },
        {
          "target": {
            "predicate_type": "minecraft:tag_match",
            "tag": "minecraft:deepslate_ore_replaceables"
          },
          "state": {
            "Name": "embers:deepslate_silver_ore"
          }
        }
      ]
    }
  },
  "placement": [
    {
      "type": "minecraft:count",
      "count": 16
    },
    {
      "type": "minecraft:rarity_filter",
      "chance": 1
    },
    {
      "type": "minecraft:in_square"
    },
    {
      "type": "minecraft:height_range",
      "height": {
        "type": "minecraft:trapezoid",
        "min_inclusive": {
          "above_bottom": 0
        },
        "max_inclusive": {
          "above_bottom": 64
        }
      }
    }
  ]
}
