[
  {
    "id": "minecraft:shield",
    "value": 0.2
  },
  {
    "id": "shieldsplus:wooden_shield",
    "value": 0.1
  },
  {
    "id": "shieldsplus:stone_shield",
    "value": 0.15
  },
  {
    "id": "shieldsplus:iron_shield",
    "value": 0.2
  },
  {
    "id": "shieldsplus:golden_shield",
    "value": 0.1
  },
  {
    "id": "shieldsplus:diamond_shield",
    "value": 0.3
  },
  {
    "id": "shieldsplus:netherite_shield",
    "value": 0.35
  },
  {
    "id": "iguanatweaksreborn:copper_shield",
    "value": 0.15
  }
]