{
  "type": "nameless_trinkets:trinkets_gen",
  "conditions": [
    {
      "condition": "minecraft:alternative",
      "terms": [
        {
          "condition": "forge:loot_table_id",
          "loot_table_id": "chests/spawn_bonus_chest"
        },
        {
          "condition": "forge:loot_table_id",
          "loot_table_id": "chests/end_city_treasure"
        },
        {
          "condition": "forge:loot_table_id",
          "loot_table_id": "chests/simple_dungeon"
        },
        {
          "condition": "forge:loot_table_id",
          "loot_table_id": "chests/village/village_weaponsmith"
        },
        {
          "condition": "forge:loot_table_id",
          "loot_table_id": "chests/village/village_toolsmith"
        },
        {
          "condition": "forge:loot_table_id",
          "loot_table_id": "chests/village/village_armorer"
        },
        {
          "condition": "forge:loot_table_id",
          "loot_table_id": "chests/village/village_cartographer"
        },
        {
          "condition": "forge:loot_table_id",
          "loot_table_id": "chests/village/village_mason"
        },
        {
          "condition": "forge:loot_table_id",
          "loot_table_id": "chests/village/village_shepherd"
        },
        {
          "condition": "forge:loot_table_id",
          "loot_table_id": "chests/village/village_butcher"
        },
        {
          "condition": "forge:loot_table_id",
          "loot_table_id": "chests/village/village_fletcher"
        },
        {
          "condition": "forge:loot_table_id",
          "loot_table_id": "chests/village/village_fisher"
        },
        {
          "condition": "forge:loot_table_id",
          "loot_table_id": "chests/village/village_tannery"
        },
        {
          "condition": "forge:loot_table_id",
          "loot_table_id": "chests/village/village_temple"
        },
        {
          "condition": "forge:loot_table_id",
          "loot_table_id": "chests/village/village_desert_house"
        },
        {
          "condition": "forge:loot_table_id",
          "loot_table_id": "chests/village/village_plains_house"
        },
        {
          "condition": "forge:loot_table_id",
          "loot_table_id": "chests/village/village_taiga_house"
        },
        {
          "condition": "forge:loot_table_id",
          "loot_table_id": "chests/village/village_snowy_house"
        },
        {
          "condition": "forge:loot_table_id",
          "loot_table_id": "chests/village/village_savanna_house"
        },
        {
          "condition": "forge:loot_table_id",
          "loot_table_id": "chests/abandoned_mineshaft"
        },
        {
          "condition": "forge:loot_table_id",
          "loot_table_id": "chests/nether_bridge"
        },
        {
          "condition": "forge:loot_table_id",
          "loot_table_id": "chests/stronghold_library"
        },
        {
          "condition": "forge:loot_table_id",
          "loot_table_id": "chests/stronghold_crossing"
        },
        {
          "condition": "forge:loot_table_id",
          "loot_table_id": "chests/stronghold_corridor"
        },
        {
          "condition": "forge:loot_table_id",
          "loot_table_id": "chests/desert_pyramid"
        },
        {
          "condition": "forge:loot_table_id",
          "loot_table_id": "chests/jungle_temple"
        },
        {
          "condition": "forge:loot_table_id",
          "loot_table_id": "chests/jungle_temple_dispenser"
        },
        {
          "condition": "forge:loot_table_id",
          "loot_table_id": "chests/igloo_chest"
        },
        {
          "condition": "forge:loot_table_id",
          "loot_table_id": "chests/woodland_mansion"
        },
        {
          "condition": "forge:loot_table_id",
          "loot_table_id": "chests/underwater_ruin_small"
        },
        {
          "condition": "forge:loot_table_id",
          "loot_table_id": "chests/underwater_ruin_big"
        },
        {
          "condition": "forge:loot_table_id",
          "loot_table_id": "chests/buried_treasure"
        },
        {
          "condition": "forge:loot_table_id",
          "loot_table_id": "chests/shipwreck_map"
        },
        {
          "condition": "forge:loot_table_id",
          "loot_table_id": "chests/shipwreck_supply"
        },
        {
          "condition": "forge:loot_table_id",
          "loot_table_id": "chests/shipwreck_treasure"
        },
        {
          "condition": "forge:loot_table_id",
          "loot_table_id": "chests/pillager_outpost"
        },
        {
          "condition": "forge:loot_table_id",
          "loot_table_id": "chests/bastion_treasure"
        },
        {
          "condition": "forge:loot_table_id",
          "loot_table_id": "chests/bastion_other"
        },
        {
          "condition": "forge:loot_table_id",
          "loot_table_id": "chests/bastion_bridge"
        },
        {
          "condition": "forge:loot_table_id",
          "loot_table_id": "chests/bastion_hoglin_stable"
        },
        {
          "condition": "forge:loot_table_id",
          "loot_table_id": "chests/ancient_city"
        },
        {
          "condition": "forge:loot_table_id",
          "loot_table_id": "chests/ancient_city_ice_box"
        },
        {
          "condition": "forge:loot_table_id",
          "loot_table_id": "chests/ruined_portal"
        },
        {
          "condition": "forge:loot_table_id",
          "loot_table_id": "gameplay/cat_morning_gift"
        }
      ]
    },
    {
      "condition": "random_chance",
      "chance": 0.1
    }
  ]
}