{
	"entity": "minecraft:phantom",
	"weight": 50,
	"quality": 0,
	"size": {
		"width": 0.9,
		"height": 0.5
	},
	"valid_gear_sets": [
		"#the_end"
	],
	"dimensions": [
		"minecraft:the_end"
	],
	"min_rarity": "rare",
	"max_rarity": "mythic",
	"stats": {
		"rare": {
			"enchant_chance": 0.80,
			"enchantment_levels": [12, 10, 20, 15],
			"effects": [{
				"effect": "minecraft:fire_resistance",
				"chance": 0.75
			}],
			"attribute_modifiers": [{
					"attribute": "minecraft:generic.max_health",
					"operation": "ADDITION",
					"value": {
						"min": 14,
						"steps": 40,
						"step": 1
					}
				},
				{
					"attribute": "minecraft:generic.movement_speed",
					"operation": "MULTIPLY_BASE",
					"value": {
						"min": 0.06,
						"steps": 25,
						"step": 0.002
					}
				},
				{
					"attribute": "minecraft:generic.flying_speed",
					"operation": "MULTIPLY_BASE",
					"value": {
						"min": 0.05,
						"steps": 35,
						"step": 0.002
					}
				},
				{
					"attribute": "minecraft:generic.attack_damage",
					"operation": "MULTIPLY_BASE",
					"value": {
						"min": 0.1,
						"steps": 35,
						"step": 0.002
					}
				},
				{
					"attribute": "minecraft:generic.knockback_resistance",
					"operation": "ADDITION",
					"value": 0.09
				}
			]
		},
		"epic": {
			"enchant_chance": 0.80,
			"enchantment_levels": [15, 12, 25, 20],
			"effects": [{
				"effect": "minecraft:fire_resistance",
				"chance": 0.9
			}],
			"attribute_modifiers": [{
					"attribute": "minecraft:generic.max_health",
					"operation": "ADDITION",
					"value": {
						"min": 16,
						"steps": 40,
						"step": 1
					}
				},
				{
					"attribute": "minecraft:generic.movement_speed",
					"operation": "MULTIPLY_BASE",
					"value": {
						"min": 0.08,
						"steps": 25,
						"step": 0.002
					}
				},
				{
					"attribute": "minecraft:generic.flying_speed",
					"operation": "MULTIPLY_BASE",
					"value": {
						"min": 0.07,
						"steps": 35,
						"step": 0.002
					}
				},
				{
					"attribute": "minecraft:generic.attack_damage",
					"operation": "MULTIPLY_BASE",
					"value": {
						"min": 0.12,
						"steps": 35,
						"step": 0.002
					}
				},
				{
					"attribute": "minecraft:generic.knockback_resistance",
					"operation": "ADDITION",
					"value": 0.12
				}
			]
		},
		"mythic": {
			"enchant_chance": 0.85,
			"enchantment_levels": [16, 13, 30, 25],
			"effects": [{
				"effect": "minecraft:fire_resistance",
				"chance": 1.0
			}],
			"attribute_modifiers": [{
					"attribute": "minecraft:generic.max_health",
					"operation": "ADDITION",
					"value": {
						"min": 20,
						"steps": 40,
						"step": 1
					}
				},
				{
					"attribute": "minecraft:generic.movement_speed",
					"operation": "MULTIPLY_BASE",
					"value": {
						"min": 0.088,
						"steps": 35,
						"step": 0.002
					}
				},
				{
					"attribute": "minecraft:generic.flying_speed",
					"operation": "MULTIPLY_BASE",
					"value": {
						"min": 0.1,
						"steps": 35,
						"step": 0.002
					}
				},
				{
					"attribute": "minecraft:generic.attack_damage",
					"operation": "MULTIPLY_BASE",
					"value": {
						"min": 0.24,
						"steps": 40,
						"step": 0.002
					}
				},
				{
					"attribute": "minecraft:generic.knockback_resistance",
					"operation": "ADDITION",
					"value": 0.2
				}
			]
		}
	}
}