{
	"entity": "minecraft:hoglin",
	"weight": 70,
	"quality": 2,
	"size": {
		"width": 1.3965,
		"height": 1.4
	},
	"valid_gear_sets": [
		"#the_nether"
	],
	"dimensions": [
		"minecraft:the_nether"
	],
	"min_rarity": "common",
	"max_rarity": "epic",
	"stats": {
		"common": {
			"enchant_chance": 0.55,
			"enchantment_levels": [11, 8, 16, 13],
			"effects": [{
				"effect": "minecraft:fire_resistance",
				"chance": 0.25
			}],
			"attribute_modifiers": [{
					"attribute": "minecraft:generic.max_health",
					"operation": "ADDITION",
					"value": {
						"min": 4,
						"steps": 20,
						"step": 1
					}
				},
				{
					"attribute": "minecraft:generic.movement_speed",
					"operation": "MULTIPLY_BASE",
					"value": {
						"min": 0.03,
						"steps": 9,
						"step": 0.002
					}
				},
				{
					"attribute": "minecraft:generic.attack_damage",
					"operation": "MULTIPLY_BASE",
					"value": {
						"min": 0.03,
						"steps": 20,
						"step": 0.002
					}
				},
				{
					"attribute": "minecraft:generic.knockback_resistance",
					"operation": "ADDITION",
					"value": 0.025
				},
				{
					"attribute": "minecraft:generic.attack_knockback",
					"operation": "ADDITION",
					"value": 0.025
				}
			]
		},
		"uncommon": {
			"enchant_chance": 0.55,
			"enchantment_levels": [11, 8, 16, 13],
			"effects": [{
				"effect": "minecraft:fire_resistance",
				"chance": 0.5
			}],
			"attribute_modifiers": [{
					"attribute": "minecraft:generic.max_health",
					"operation": "ADDITION",
					"value": {
						"min": 6,
						"steps": 30,
						"step": 1
					}
				},
				{
					"attribute": "minecraft:generic.movement_speed",
					"operation": "MULTIPLY_BASE",
					"value": {
						"min": 0.03,
						"steps": 12,
						"step": 0.002
					}
				},
				{
					"attribute": "minecraft:generic.attack_damage",
					"operation": "MULTIPLY_BASE",
					"value": {
						"min": 0.04,
						"steps": 20,
						"step": 0.002
					}
				},
				{
					"attribute": "minecraft:generic.knockback_resistance",
					"operation": "ADDITION",
					"value": 0.1
				},
				{
					"attribute": "minecraft:generic.attack_knockback",
					"operation": "ADDITION",
					"value": 0.1
				}
			]
		},
		"rare": {
			"enchant_chance": 0.55,
			"enchantment_levels": [11, 8, 16, 13],
			"effects": [{
				"effect": "minecraft:fire_resistance",
				"chance": 0.5
			}],
			"attribute_modifiers": [{
					"attribute": "minecraft:generic.max_health",
					"operation": "ADDITION",
					"value": {
						"min": 8,
						"steps": 40,
						"step": 1
					}
				},
				{
					"attribute": "minecraft:generic.movement_speed",
					"operation": "MULTIPLY_BASE",
					"value": {
						"min": 0.03,
						"steps": 15,
						"step": 0.002
					}
				},
				{
					"attribute": "minecraft:generic.attack_damage",
					"operation": "MULTIPLY_BASE",
					"value": {
						"min": 0.05,
						"steps": 30,
						"step": 0.002
					}
				},
				{
					"attribute": "minecraft:generic.knockback_resistance",
					"operation": "ADDITION",
					"value": 0.2
				},
				{
					"attribute": "minecraft:generic.attack_knockback",
					"operation": "ADDITION",
					"value": 0.2
				}
			]
		},
		"epic": {
			"enchant_chance": 0.7,
			"enchantment_levels": [13, 10, 17, 14],
			"effects": [{
				"effect": "minecraft:fire_resistance",
				"chance": 0.6
			}],
			"attribute_modifiers": [{
					"attribute": "minecraft:generic.max_health",
					"operation": "ADDITION",
					"value": {
						"min": 12,
						"steps": 40,
						"step": 1
					}
				},
				{
					"attribute": "minecraft:generic.movement_speed",
					"operation": "MULTIPLY_BASE",
					"value": {
						"min": 0.05,
						"steps": 15,
						"step": 0.01
					}
				},
				{
					"attribute": "minecraft:generic.attack_damage",
					"operation": "MULTIPLY_BASE",
					"value": {
						"min": 0.06,
						"steps": 35,
						"step": 0.002
					}
				},
				{
					"attribute": "minecraft:generic.knockback_resistance",
					"operation": "ADDITION",
					"value": 0.25
				},
				{
					"attribute": "minecraft:generic.armor",
					"operation": "ADDITION",
					"value": 2
				},
				{
					"attribute": "minecraft:generic.armor_toughness",
					"operation": "ADDITION",
					"value": 1
				},
				{
					"attribute": "minecraft:generic.attack_knockback",
					"operation": "ADDITION",
					"value": 0.3
				}
			]
		}
	}
}