{
	"entity": "minecraft:wither_skeleton",
	"weight": 100,
	"quality": 0,
	"size": {
		"width": 0.7,
		"height": 2.4
	},
	"valid_gear_sets": [
		"#the_nether",
		"#the_nether_bow"
	],
	"dimensions": [
		"minecraft:the_nether"
	],
	"min_rarity": "uncommon",
	"max_rarity": "epic",
	"stats": {
		"uncommon": {
			"enchant_chance": 0.5,
			"enchantment_levels": [19, 12, 20, 18],
			"effects": [{
				"effect": "minecraft:strength",
				"chance": 0.005
			}],
			"attribute_modifiers": [{
					"attribute": "minecraft:generic.max_health",
					"operation": "ADDITION",
					"value": {
						"min": 6,
						"steps": 30,
						"step": 1
					}
				},
				{
					"attribute": "minecraft:generic.movement_speed",
					"operation": "MULTIPLY_BASE",
					"value": {
						"min": 0.02,
						"steps": 14,
						"step": 0.002
					}
				},
				{
					"attribute": "minecraft:generic.attack_damage",
					"operation": "MULTIPLY_BASE",
					"value": {
						"min": 0.04,
						"steps": 20,
						"step": 0.002
					}
				},
				{
					"attribute": "attributeslib:arrow_damage",
					"operation": "MULTIPLY_BASE",
					"value": {
						"min": 0.04,
						"steps": 20,
						"step": 0.002
					}
				},
				{
					"attribute": "minecraft:generic.knockback_resistance",
					"operation": "ADDITION",
					"value": 0.06
				}
			]
		},
		"rare": {
			"enchant_chance": 0.5,
			"enchantment_levels": [19, 12, 20, 18],
			"effects": [{
				"effect": "minecraft:strength",
				"chance": 0.01
			}],
			"attribute_modifiers": [{
					"attribute": "minecraft:generic.max_health",
					"operation": "ADDITION",
					"value": {
						"min": 8,
						"steps": 40,
						"step": 1
					}
				},
				{
					"attribute": "minecraft:generic.movement_speed",
					"operation": "MULTIPLY_BASE",
					"value": {
						"min": 0.02,
						"steps": 18,
						"step": 0.002
					}
				},
				{
					"attribute": "minecraft:generic.attack_damage",
					"operation": "MULTIPLY_BASE",
					"value": {
						"min": 0.05,
						"steps": 30,
						"step": 0.002
					}
				},
				{
					"attribute": "attributeslib:arrow_damage",
					"operation": "MULTIPLY_BASE",
					"value": {
						"min": 0.05,
						"steps": 30,
						"step": 0.002
					}
				},
				{
					"attribute": "minecraft:generic.knockback_resistance",
					"operation": "ADDITION",
					"value": 0.08
				}
			]
		},
		"epic": {
			"enchant_chance": 0.65,
			"enchantment_levels": [21, 16, 24, 20],
			"effects": [{
				"effect": "minecraft:strength",
				"chance": 0.02
			}],
			"attribute_modifiers": [{
					"attribute": "minecraft:generic.max_health",
					"operation": "ADDITION",
					"value": {
						"min": 12,
						"steps": 40,
						"step": 1
					}
				},
				{
					"attribute": "minecraft:generic.movement_speed",
					"operation": "MULTIPLY_BASE",
					"value": {
						"min": 0.04,
						"steps": 20,
						"step": 0.01
					}
				},
				{
					"attribute": "minecraft:generic.attack_damage",
					"operation": "MULTIPLY_BASE",
					"value": {
						"min": 0.07,
						"steps": 35,
						"step": 0.002
					}
				},
				{
					"attribute": "attributeslib:arrow_damage",
					"operation": "MULTIPLY_BASE",
					"value": {
						"min": 0.07,
						"steps": 35,
						"step": 0.002
					}
				},
				{
					"attribute": "minecraft:generic.knockback_resistance",
					"operation": "ADDITION",
					"value": 0.1
				},
				{
					"attribute": "minecraft:generic.armor",
					"operation": "ADDITION",
					"value": 3
				},
				{
					"attribute": "minecraft:generic.armor_toughness",
					"operation": "ADDITION",
					"value": 1
				}
			]
		}
	}
}