{
	"type": "apotheosis:attribute",
	"attribute": "forge:swim_speed",
	"operation": "MULTIPLY_TOTAL",
	"values": {
		"common": {
			"min": 0.05,
			"steps": 3,
			"step": 0.01
		},
		"uncommon": {
			"min": 0.06,
			"steps": 4,
			"step": 0.01
		},
		"rare": {
			"min": 0.07,
			"steps": 5,
			"step": 0.01
		},
		"epic": {
			"min": 0.08,
			"steps": 6,
			"step": 0.01
		},
		"mythic": {
			"min": 0.1,
			"steps": 7,
			"step": 0.01
		},
		"ancient": {
			"min": 0.15,
			"steps": 9,
			"step": 0.01
		}
	},
	"types": [
		"boots"
	]
}