{
	"type": "apotheosis:attribute",
	"attribute": "minecraft:generic.max_health",
	"operation": "ADDITION",
	"values": {
		"common": {
			"min": 0.3,
			"steps": 2,
			"step": 0.2
		},
		"uncommon": {
			"min": 0.4,
			"steps": 2,
			"step": 0.2
		},
		"rare": {
			"min": 0.5,
			"steps": 3,
			"step": 0.2
		},
		"epic": {
			"min": 0.6,
			"steps": 5,
			"step": 0.2
		},
		"mythic": {
			"min": 0.7,
			"steps": 5,
			"step": 0.2
		},
		"ancient": {
			"min": 0.8,
			"steps": 8,
			"step": 0.2
		}
	},
	"types": [
		"helmet", "chestplate", "leggings", "boots"
	]
}