{
  "structures": [
    {
      "structure": "towns_and_towers:pillager_outpost_badlands",
      "weight": 5
    },
    {
      "structure": "towns_and_towers:pillager_outpost_beach",
      "weight": 5
    },
    {
      "structure": "towns_and_towers:pillager_outpost_birch_forest",
      "weight": 5
    },
    {
      "structure": "towns_and_towers:pillager_outpost_desert",
      "weight": 5
    },
    {
      "structure": "towns_and_towers:pillager_outpost_flower_forest",
      "weight": 5
    },
    {
      "structure": "towns_and_towers:pillager_outpost_forest",
      "weight": 5
    },
    {
      "structure": "towns_and_towers:pillager_outpost_grove",
      "weight": 5
    },
    {
      "structure": "towns_and_towers:pillager_outpost_jungle",
      "weight": 5
    },
    {
      "structure": "towns_and_towers:pillager_outpost_meadow",
      "weight": 5
    },
    {
      "structure": "towns_and_towers:pillager_outpost_mushroom_fields",
      "weight": 5
    },
    {
      "structure": "towns_and_towers:pillager_outpost_ocean",
      "weight": 2
    },
    {
      "structure": "towns_and_towers:pillager_outpost_old_growth_taiga",
      "weight": 5
    },
    {
      "structure": "towns_and_towers:pillager_outpost_savanna",
      "weight": 5
    },
    {
      "structure": "towns_and_towers:pillager_outpost_snowy_beach",
      "weight": 5
    },
    {
      "structure": "towns_and_towers:pillager_outpost_snowy_plains",
      "weight": 5
    },
    {
      "structure": "towns_and_towers:pillager_outpost_snowy_slopes",
      "weight": 5
    },
    {
      "structure": "towns_and_towers:pillager_outpost_sparse_jungle",
      "weight": 5
    },
    {
      "structure": "towns_and_towers:pillager_outpost_sunflower_plains",
      "weight": 5
    },
    {
      "structure": "towns_and_towers:pillager_outpost_swamp",
      "weight": 5
    },
    {
      "structure": "towns_and_towers:pillager_outpost_taiga",
      "weight": 5
    },
    {
      "structure": "towns_and_towers:pillager_outpost_snowy_taiga",
      "weight": 5
    },
    {
      "structure": "towns_and_towers:pillager_outpost_wooded_badlands",
      "weight": 5
    },
    {
      "structure": "towns_and_towers:exclusives/pillager_outpost_mediterranean",
      "weight": 5
    },
    {
      "structure": "towns_and_towers:exclusives/pillager_outpost_tudor",
      "weight": 5
    },
    {
      "structure": "towns_and_towers:exclusives/pillager_outpost_classic",
      "weight": 5
    },
    {
      "structure": "towns_and_towers:exclusives/pillager_outpost_oriental",
      "weight": 5
    },
    {
      "structure": "towns_and_towers:exclusives/pillager_outpost_swedish",
      "weight": 5
    },
    {
      "structure": "towns_and_towers:exclusives/pillager_outpost_iberian",
      "weight": 5
    },
    {
      "structure": "towns_and_towers:exclusives/pillager_outpost_rustic",
      "weight": 5
    }
  ],
  "placement": {
    "salt": 205745294,
    "spacing": 43,
    "separation": 22,
    "frequency": 0.3,
    "frequency_reduction_method": "legacy_type_1",
    "type": "minecraft:random_spread",
    "exclusion_zone": {
      "chunk_count": 10,
      "other_set": "towns_and_towers:towns"
    }
  }
}