{
	"conditions": [{
		"type": "forge:mod_loaded",
		"modid": "twilightforest"
	}],
	"weight": 5,
	"quality": 1.5,
	"dimensions": [
		"twilightforest:twilight_forest"
	],
	"unique": true,
	"min_rarity": "rare",
	"bonuses": [{
			"type": "apotheosis:twilight_treasure_goblin",
			"gem_class": {
				"key": "weapon",
				"types": [
					"heavy_weapon", "sword", "trident", "bow", "crossbow"
				]
			},
			"values": {
				"rare": {
					"chance": 0.005,
					"cooldown": 4800
				},
				"epic": {
					"chance": 0.0075,
					"cooldown": 4800
				},
				"mythic": {
					"chance": 0.01,
					"cooldown": 4800
				},
				"ancient": {
					"chance": 0.015,
					"cooldown": 4800
				}
			}
		},
		{
			"type": "apotheosis:multi_attribute",
			"desc": "bonus.apotheosis:multi_attr.desc.and",
			"gem_class": {
				"key": "shield",
				"types": [
					"shield"
				]
			},
			"modifiers": [{
					"attribute": "attributeslib:healing_received",
					"operation": "MULTIPLY_BASE",
					"values": {
						"rare": 0.02,
						"epic": 0.04,
						"mythic": 0.06,
						"ancient": 0.08
					}
				},
				{
					"attribute": "minecraft:generic.attack_speed",
					"operation": "MULTIPLY_TOTAL",
					"values": {
						"rare": -0.01,
						"epic": -0.02,
						"mythic": -0.03,
						"ancient": -0.04
					}
				}
			]
		},
		{
			"type": "apotheosis:twilight_ore_magnet",
			"gem_class": {
				"key": "pickaxe",
				"types": [
					"pickaxe"
				]
			},
			"values": {
				"rare": 26,
				"epic": 22,
				"mythic": 18,
				"ancient": 16
			}
		},
		{
			"type": "apotheosis:multi_attribute",
			"desc": "bonus.apotheosis:multi_attr.desc.but_and",
			"gem_class": {
				"key": "chestplate",
				"types": [
					"chestplate"
				]
			},
			"modifiers": [{
					"attribute": "attributeslib:armor_shred",
					"operation": "MULTIPLY_TOTAL",
					"values": {
						"rare": 0.07,
						"epic": 0.10,
						"mythic": 0.15,
						"ancient": 0.2
					}
				},
				{
					"attribute": "attributeslib:prot_shred",
					"operation": "MULTIPLY_TOTAL",
					"values": {
						"rare": -0.05,
						"epic": -0.08,
						"mythic": -0.12,
						"ancient": -0.16
					}
				},
				{
					"attribute": "attributeslib:prot_pierce",
					"operation": "MULTIPLY_TOTAL",
					"values": {
						"rare": -0.05,
						"epic": -0.08,
						"mythic": -0.12,
						"ancient": -0.16
					}
				}
			]
		}
	]
}