{
    "structures": [
        {
            "structure": "totw_modded:regular",
            "weight": 1
        },
        {
            "structure": "totw_modded:desert",
            "weight": 1
        },
        {
            "structure": "totw_modded:ice",
            "weight": 1
        },
        {
            "structure": "totw_modded:derelict",
            "weight": 1
        },
        {
            "structure": "totw_modded:derelict_grass",
            "weight": 1
        },
        {
            "structure": "totw_modded:jungle",
            "weight": 1
        },
        {
            "structure": "totw_modded:badlands",
            "weight": 1
        }
    ],
    "placement": {
        "type": "minecraft:random_spread",
        "spacing": 55,
        "separation": 45,
        "salt": 1685777
    }
}
