{
    "type": "minecraft:random_selector",
    "config": {
      "features": [
        {
          "chance": 0.05,
          "feature": {
            "feature": {
              "type": "minecraft:replace_single_block",
              "config": {
                "targets": [
                  {
                    "target": {
                      "predicate_type": "minecraft:tag_match",
                      "tag": "minecraft:base_stone_overworld"
                    },
                    "state": {
                      "Name": "embers:raw_silver_block"
                    }
                  }
                ]
              }
            },
            "placement": []
          }
        }
      ],
      "default": {
        "feature": {
          "type": "minecraft:replace_single_block",
          "config": {
            "targets": [
              {
                "target": {
                  "predicate_type": "minecraft:tag_match",
                  "tag": "minecraft:stone_ore_replaceables"
                },
                "state": {
                  "Name": "embers:silver_ore"
                }
              },
              {
                "target": {
                  "predicate_type": "minecraft:tag_match",
                  "tag": "minecraft:deepslate_ore_replaceables"
                },
                "state": {
                  "Name": "embers:deepslate_silver_ore"
                }
              }
            ]
          }
        },
        "placement": []
      }
    }
}