{
	"usePreferredModel": false,
	"ignoredSynchronizedPreferredModel": true,
	"preferredModel": "MALE",
	"ironPlateDurability": 25,
	"ironPlateHelmetDef": 3,
	"ironPlateChestDef": 9,
	"ironPlateLegsDef": 7,
	"ironPlateFeetDef": 3,
	"ironPlateEnchantability": 9,
	"ironPlateToughness": 2.0,
	"holyDurability": 40,
	"holyHelmetDef": 4,
	"holyChestDef": 10,
	"holyLegsDef": 8,
	"holyFeetDef": 4,
	"holyEnchantability": 17,
	"holyToughness": 3.0,
	"exaltedAurumDurability": 35,
	"exaltedAurumHelmetDef": 3,
	"exaltedAurumChestDef": 9,
	"exaltedAurumLegsDef": 7,
	"exaltedAurumFeetDef": 3,
	"exaltedAurumEnchantability": 17,
	"exaltedAurumToughness": 3.0,
	"japaneseLightDurability": 12,
	"japaneseLightHelmetDef": 2,
	"japaneseLightChestDef": 7,
	"japaneseLightLegsDef": 6,
	"japaneseLightFeetDef": 2,
	"japaneseLightEnchantability": 15,
	"japaneseLightToughness": 0.0,
	"oYoroiDurability": 20,
	"oYoroiHelmetDef": 3,
	"oYoroiChestDef": 8,
	"oYoroiLegsDef": 6,
	"oYoroiFeetDef": 3,
	"oYoroiEnchantability": 16,
	"oYoroiToughness": 2.0,
	"raijinDurability": 35,
	"raijinHelmetDef": 3,
	"raijinChestDef": 9,
	"raijinLegsDef": 7,
	"raijinFeetDef": 3,
	"raijinEnchantability": 24,
	"raijinToughness": 2.0,
	"pharaohDurability": 10,
	"pharaohHelmetDef": 3,
	"pharaohChestDef": 8,
	"pharaohLegsDef": 6,
	"pharaohFeetDef": 3,
	"pharaohEnchantability": 37,
	"pharaohToughness": 1.0,
	"anubisDurability": 25,
	"anubisHelmetDef": 3,
	"anubisChestDef": 8,
	"anubisLegsDef": 6,
	"anubisFeetDef": 3,
	"anubisEnchantability": 23,
	"anubisToughness": 2.5,
	"centurionDurability": 22,
	"centurionHelmetDef": 3,
	"centurionChestDef": 7,
	"centurionLegsDef": 5,
	"centurionFeetDef": 3,
	"centurionEnchantability": 17,
	"centurionToughness": 1.5,
	"quetzalcoatlDurability": 25,
	"quetzalcoatlHelmetDef": 2,
	"quetzalcoatlChestDef": 6,
	"quetzalcoatlLegsDef": 5,
	"quetzalcoatlFeetDef": 2,
	"quetzalcoatlEnchantability": 15,
	"quetzalcoatlToughness": 4.0,
	"generateArmorLoot": true,
	"generateBambooHat": true,
	"generateAnubisArmor": true,
	"generateCenturionArmor": true,
	"generateExaltedAurumArmor": true,
	"generateHolyArmor": true,
	"generateIronPlateArmor": true,
	"generateJapaneseLightArmor": true,
	"generateOYoroiArmor": true,
	"generatePharaohArmor": true,
	"generateQuetzalcoatlArmor": true,
	"generateRaijinArmor": true
}