{
	"entity": "minecraft:stray",
	"weight": 75,
	"quality": 2,
	"size": {
		"width": 0.6,
		"height": 1.99
	},
	"valid_gear_sets": [
		"#overworld_bow"
	],
	"dimensions": [
		"minecraft:overworld"
	],
	"mount": {
		"entity": "spider"
	},
	"min_rarity": "common",
	"max_rarity": "rare",
	"stats": {
		"common": {
			"enchant_chance": 0.125,
			"enchantment_levels": [6, 4, 10, 7],
			"effects": [{
				"effect": "minecraft:resistance",
				"chance": 0.2
			}],
			"attribute_modifiers": [{
					"attribute": "minecraft:generic.max_health",
					"operation": "ADDITION",
					"value": {
						"min": 4,
						"steps": 10,
						"step": 1
					}
				},
				{
					"attribute": "minecraft:generic.movement_speed",
					"operation": "MULTIPLY_BASE",
					"value": {
						"min": 0.01,
						"steps": 5,
						"step": 0.002
					}
				},
				{
					"attribute": "attributeslib:arrow_damage",
					"operation": "MULTIPLY_BASE",
					"value": {
						"min": 0.02,
						"steps": 20,
						"step": 0.002
					}
				},
				{
					"attribute": "minecraft:generic.knockback_resistance",
					"operation": "ADDITION",
					"value": 0.05
				}
			]
		},
		"uncommon": {
			"enchant_chance": 0.125,
			"enchantment_levels": [6, 4, 10, 7],
			"effects": [{
				"effect": "minecraft:fire_resistance",
				"chance": 0.2
			}],
			"attribute_modifiers": [{
					"attribute": "minecraft:generic.max_health",
					"operation": "ADDITION",
					"value": {
						"min": 4,
						"steps": 10,
						"step": 1
					}
				},
				{
					"attribute": "minecraft:generic.movement_speed",
					"operation": "MULTIPLY_BASE",
					"value": {
						"min": 0.01,
						"steps": 5,
						"step": 0.002
					}
				},
				{
					"attribute": "attributeslib:arrow_damage",
					"operation": "MULTIPLY_BASE",
					"value": {
						"min": 0.02,
						"steps": 20,
						"step": 0.002
					}
				},
				{
					"attribute": "minecraft:generic.knockback_resistance",
					"operation": "ADDITION",
					"value": 0.05
				}
			]
		},
		"rare": {
			"enchant_chance": 0.17,
			"enchantment_levels": [8, 6, 13, 9],
			"effects": [{
				"effect": "minecraft:fire_resistance",
				"chance": 0.25
			}],
			"attribute_modifiers": [{
					"attribute": "minecraft:generic.max_health",
					"operation": "ADDITION",
					"value": {
						"min": 5,
						"steps": 15,
						"step": 1
					}
				},
				{
					"attribute": "minecraft:generic.movement_speed",
					"operation": "MULTIPLY_BASE",
					"value": {
						"min": 0.02,
						"steps": 10,
						"step": 0.002
					}
				},
				{
					"attribute": "attributeslib:arrow_damage",
					"operation": "MULTIPLY_BASE",
					"value": {
						"min": 0.03,
						"steps": 25,
						"step": 0.002
					}
				},
				{
					"attribute": "minecraft:generic.knockback_resistance",
					"operation": "ADDITION",
					"value": 0.07
				}
			]
		}
	}
}