{
	"type": "apotheosis:attribute",
	"attribute": "minecraft:generic.attack_damage",
	"operation": "ADDITION",
	"values": {
		"common": {
			"min": 0.6,
			"steps": 8,
			"step": 0.05
		},
		"uncommon": {
			"min": 0.6,
			"steps": 8,
			"step": 0.05
		},
		"rare": {
			"min": 0.7,
			"steps": 8,
			"step": 0.05
		},
		"epic": {
			"min": 0.8,
			"steps": 10,
			"step": 0.05
		},
		"mythic": {
			"min": 1.0,
			"steps": 10,
			"step": 0.05
		},
		"ancient": {
			"min": 1.4,
			"steps": 10,
			"step": 0.05
		}
	},
	"types": [
		"heavy_weapon"
	]
}