{
	"weight": 0,
	"quality": 0,
	"unique": true,
	"min_rarity": "apotheotic_additions:artifact",
	"dimensions": [
		"minecraft:null"
	],
	"bonuses": [
		{
			"type": "apotheosis:attribute",
			"gem_class": {
				"key": "curios_armor",
				"types": [
					"curios:back"
				]
			},
			"attribute": "attributeslib:elytra_flight",
			"operation": "ADDITION",
			"values": {
				"apotheotic_additions:artifact": 1,
				"apotheotic_additions:heirloom": 1,
				"apotheotic_additions:esoteric": 1
			}
		},
		{
			"type": "apotheosis:attribute",
			"gem_class": {
				"key": "chestplate",
				"types": [
					"chestplate"
				]
			},
			"attribute": "attributeslib:creative_flight",
			"operation": "ADDITION",
			"values": {
				"apotheotic_additions:heirloom": 1,
				"apotheotic_additions:esoteric": 1
			}
		},
		{
			"type": "apotheosis:mob_effect",
			"gem_class": {
				"key": "boots",
				"types": [
					"boots"
				]
			},
			"mob_effect": "l2hostility:gravity",
			"target": "hurt_attacker",
			"values": {
				"apotheotic_additions:artifact": {
					"duration": 100,
					"amplifier": 0,
					"cooldown": 600
				},
				"apotheotic_additions:heirloom": {
					"duration": 100,
					"amplifier": 0,
					"cooldown": 500
				},
				"apotheotic_additions:esoteric": {
					"duration": 100,
					"amplifier": 0,
					"cooldown": 400
				}
			}
		}
	]
}