{
	"conditions": [{
		"type": "forge:mod_loaded",
		"modid": "cataclysm"
	}],
	"weight": 0,
	"quality": 0,
	"unique": true,
	"min_rarity": "apotheotic_additions:artifact",
	"dimensions": [
		"minecraft:null"
	],
	"bonuses": [
		{
			"type": "apotheosis:mob_effect",
			"gem_class": {
				"key": "melee_weapon",
				"types": [
					"sword",
					"trident",
					"heavy_weapon"
				]
			},
			"mob_effect": "l2complements:curse",
			"target": "attack_target",
			"values": {
				"apotheotic_additions:artifact": {
					"duration": 600,
					"amplifier": 0,
					"cooldown": 1800
				},
				"apotheotic_additions:heirloom": {
					"duration": 900,
					"amplifier": 0,
					"cooldown": 1500
				},
				"apotheotic_additions:esoteric": {
					"duration": 1200,
					"amplifier": 0,
					"cooldown": 1200
				}
			}
		},
		{
			"type": "apotheosis:attribute",
			"gem_class": {
				"key": "helmet",
				"types": [
					"helmet"
				]
			},
			"attribute": "ars_nouveau:ars_nouveau.perk.warding",
			"operation": "MULTIPLY_TOTAL",
			"values": {
				"apotheotic_additions:artifact": 0.2,
				"apotheotic_additions:heirloom": 0.4,
				"apotheotic_additions:esoteric": 0.6
			}
		}
	]
}