{
  "aether_redux:logicator": null,
  "apotheosis:adventure": null,
  "apotheosis:ench": null,
  "apotheosis:spawner": null,
  "ars_nouveau:mob_jar": null,
  "balm:jade": null,
  "cookingforblockheads:fridge": null,
  "cookingforblockheads:milk_jar": null,
  "cookingforblockheads:oven": null,
  "cookingforblockheads:preservation_chamber": null,
  "cookingforblockheads:sink": null,
  "cookingforblockheads:toaster": null,
  "create:backtank_capacity": null,
  "create:blaze_burner": null,
  "create:contraption_inv": null,
  "create:crafting_blueprint": null,
  "create:exact_block": null,
  "create:filter": null,
  "create:goggles": null,
  "create:hide_boiler_tanks": null,
  "create:placard": null,
  "framedblocks:framed_item_frame": null,
  "fruitfulfun:crop_progress": null,
  "fruitfulfun:inspector": null,
  "fruitfulfun:inspector_block": null,
  "jade:block_face": null,
  "jade:distance": null,
  "jade:mod_name": null,
  "jade:object_name": null,
  "jade:registry_name": null,
  "jadeaddons.lootr:info": null,
  "jadeaddons.lootr:inventory": null,
  "l2hostility:mob": null,
  "lootr:info": null,
  "lootr:inventory": null,
  "minecraft:animal_owner": null,
  "minecraft:armor_stand": null,
  "minecraft:beehive": null,
  "minecraft:block_display": null,
  "minecraft:block_states": null,
  "minecraft:brewing_stand": null,
  "minecraft:campfire": null,
  "minecraft:chicken_egg": null,
  "minecraft:chiseled_bookshelf": null,
  "minecraft:command_block": null,
  "minecraft:crop_progress": null,
  "minecraft:enchantment_power": null,
  "minecraft:energy_storage": null,
  "minecraft:entity_armor": null,
  "minecraft:entity_health": null,
  "minecraft:falling_block": null,
  "minecraft:fluid_storage": null,
  "minecraft:furnace": null,
  "minecraft:harvest_tool": null,
  "minecraft:horse_stats": null,
  "minecraft:item_ber": null,
  "minecraft:item_display": null,
  "minecraft:item_frame": null,
  "minecraft:item_storage": null,
  "minecraft:item_tooltip": null,
  "minecraft:jukebox": null,
  "minecraft:lectern": null,
  "minecraft:mob_breeding": null,
  "minecraft:mob_growth": null,
  "minecraft:mob_spawner": null,
  "minecraft:note_block": null,
  "minecraft:painting": null,
  "minecraft:player_head": null,
  "minecraft:potion_effects": null,
  "minecraft:progress": null,
  "minecraft:redstone": null,
  "minecraft:tnt_stability": null,
  "minecraft:total_enchantment_power": null,
  "minecraft:villager_profession": null,
  "minecraft:waxed": null,
  "minecraft:zombie_villager": null,
  "player_companions:player_companion_collector_entity_provider": null,
  "player_companions:player_companion_entity_provider": null,
  "player_companions:player_companion_guard_entity_provider": null,
  "supplementaries:hat_stand": null,
  "supplementaries:present": null,
  "supplementaries:safe": null,
  "tombstone:decorative_graves": null,
  "tombstone:graves": null,
  "tombstone:player_graves": null,
  "twilightforest:quest_ram_wool": null,
  "waystones:waystone": null
}