{
	"type": "apotheosis:mob_effect",
	"mob_effect": "minecraft:poison",
	"target": "BLOCK_ATTACKER",
	"values": {
		"rare": {
			"duration": {
				"min": 120,
				"steps": 3,
				"step": 10
			},
			"amplifier": 0,
			"cooldown": 750
		},
		"epic": {
			"duration": {
				"min": 120,
				"steps": 4,
				"step": 10
			},
			"amplifier": {
				"min": 0,
				"steps": 4,
				"step": 0.26
			},
			"cooldown": 750
		},
		"mythic": {
			"duration": {
				"min": 160,
				"steps": 4,
				"step": 10
			},
			"amplifier": {
				"min": 0,
				"steps": 2,
				"step": 0.51
			},
			"cooldown": 750
		},
		"ancient": {
			"duration": {
				"min": 120,
				"steps": 5,
				"step": 20
			},
			"amplifier": {
				"min": 0,
				"steps": 3,
				"step": 0.51
			},
			"cooldown": 750
		}
	},
	"types": [
		"shield"
	]
}