{
	"type": "apotheosis:mob_effect",
	"mob_effect": "minecraft:wither",
	"target": "BLOCK_ATTACKER",
	"values": {
		"epic": {
			"duration": {
				"min": 40,
				"steps": 4,
				"step": 10
			},
			"amplifier": {
				"min": 0,
				"steps": 4,
				"step": 0.26
			},
			"cooldown": 750
		},
		"mythic": {
			"duration": {
				"min": 60,
				"steps": 5,
				"step": 20
			},
			"amplifier": {
				"min": 0,
				"steps": 2,
				"step": 0.5
			},
			"cooldown": 750
		},
		"ancient": {
			"duration": {
				"min": 80,
				"steps": 5,
				"step": 40
			},
			"amplifier": {
				"min": 0,
				"steps": 4,
				"step": 0.5
			},
			"cooldown": 750
		}
	},
	"types": [
		"shield"
	]
}