{
    "conditions": [
        {
            "type": "apotheosis:module",
            "module": "enchantment"
        }
    ],
    "weight": 5,
    "quality": 1.5,
    "dimensions": [
        "the_nether"
    ],
    "unique": true,
    "min_rarity": "rare",
    "bonuses": [
        {
            "type": "apotheosis:attribute",
            "gem_class": {
                "key": "heavy_weapon",
                "types": [
                    "heavy_weapon"
                ]
            },
            "attribute": "attributeslib:fire_damage",
            "operation": "ADDITION",
            "values": {
                "rare": 1.2,
                "epic": 1.6,
                "mythic": 2,
                "ancient": 2.5
            }
        },
        {
            "type": "apotheosis:mob_effect",
            "gem_class": {
                "key": "breaker",
                "types": [
                    "shovel",
                    "pickaxe"
                ]
            },
            "mob_effect": "bloodmagic:firefuse",
            "target": "attack_target",
            "values": {
                "epic": {
                    "duration": 100,
                    "amplifier": 0,
                    "cooldown": 2400
                },
                "mythic": {
                    "duration": 100,
                    "amplifier": 1,
                    "cooldown": 2400
                },
                "ancient": {
                    "duration": 100,
                    "amplifier": 2,
                    "cooldown": 2400
                }
            }
        },
        {
            "type": "apotheosis:enchantment",
            "gem_class": {
                "key": "core_armor",
                "types": [
                    "chestplate",
                    "leggings"
                ]
            },
            "enchantment": "l2complements:soul_flame_thorn",
            "values": {
                "rare": 1,
                "epic": 2,
                "mythic": 2,
                "ancient": 3
            }
        },
        {
            "type": "apotheosis:enchantment",
            "gem_class": {
                "key": "light_weapon",
                "types": [
                    "sword",
                    "trident"
                ]
            },
            "enchantment": "l2complements:soul_flame_blade",
            "values": {
                "rare": 1,
                "epic": 2,
                "mythic": 2,
                "ancient": 3
            }
        },
        {
            "type": "apotheosis:attribute",
            "gem_class": {
                "key": "helmet",
                "types": [
                    "helmet"
                ]
            },
            "attribute": "attributeslib:fire_damage",
            "operation": "MULTIPLY_TOTAL",
            "values": {
                "rare": 0.1,
                "epic": 0.125,
                "mythic": 0.15,
                "ancient": 0.18
            }
        }
    ]
}