{
	"weight": 5,
	"quality": 1.5,
	"dimensions": [
		"overworld"
	],
	"unique": true,
	"min_rarity": "rare",
	"bonuses": [
		{
			"type": "apotheosis:enchantment",
			"gem_class": {
				"key": "melee_weapon",
				"types": [
					"sword",
					"trident",
					"heavy_weapon"
				]
			},
			"enchantment": "l2complements:sharp_blade",
			"must_exist": false,
			"values": {
				"rare": 1,
				"epic": 2,
				"mythic": 2,
				"ancient": 3
			}
		},
		{
			"type": "apotheosis:enchantment",
			"gem_class": {
				"key": "core_armor",
				"types": [
					"chestplate",
					"leggings"
				]
			},
			"enchantment": "l2hostility:insulator",
			"must_exist": false,
			"values": {
				"rare": 1,
				"epic": 2,
				"mythic": 2,
				"ancient": 3
			}
		},
		{
			"type": "apotheosis:enchantment",
			"gem_class": {
				"key": "pickaxe",
				"types": [
					"pickaxe"
				]
			},
			"enchantment": "apotheosis:earths_boon",
			"must_exist": true,
			"values": {
				"rare": 1,
				"epic": 2,
				"mythic": 3,
				"ancient": 4
			}
		}
	]
}